department,total_faculty,phd_count
African & African American Studies,18,18
Air Force ROTC,5,0
Army ROTC,7,0
"Art, Art History & Visual Studies",27,27
Asian & Middle Eastern Studies,45,31
Biology,61,60
Chemistry,27,27
Classical Studies,13,13
Computer Science,38,36
Cultural Anthropology,17,17
Dance,7,7
Economics,60,60
Education,12,10
English,33,33
Evolutionary Anthropology,17,17
"Gender, Sexuality & Feminist Studies",8,8
German Studies,8,8
"Health, Wellness & Physical Education",5,2
History,27,27
International Comparative Studies,4,4
Linguistics,20,17
Literature,17,17
Mathematics,58,58
Music,65,42
Navy ROTC,6,1
Philosophy,18,18
Physics,40,40
Political Science,32,32
Psychology & Neuroscience,41,41
Religious Studies,14,14
Romance Studies,7,7
Slavic & Eurasian Studies,6,6
Sociology,25,25
Statistical Science,26,26
Theater Studies,21,21
Thompson Writing Program,31,27
