"stratum","department","roster_position","weight"
"African & African American Studies","African & African American Studies",5,9
"African & African American Studies","African & African American Studies",7,9
"Art, Art History & Visual Studies","Art, Art History & Visual Studies",1,9
"Art, Art History & Visual Studies","Art, Art History & Visual Studies",2,9
"Art, Art History & Visual Studies","Art, Art History & Visual Studies",10,9
"Asian & Middle Eastern Studies","Asian & Middle Eastern Studies",1,9
"Asian & Middle Eastern Studies","Asian & Middle Eastern Studies",5,9
"Asian & Middle Eastern Studies","Asian & Middle Eastern Studies",25,9
"Asian & Middle Eastern Studies","Asian & Middle Eastern Studies",29,9
"Asian & Middle Eastern Studies","Asian & Middle Eastern Studies",44,9
"Biology","Biology",4,8.71428571428571
"Biology","Biology",24,8.71428571428571
"Biology","Biology",25,8.71428571428571
"Biology","Biology",35,8.71428571428571
"Biology","Biology",49,8.71428571428571
"Biology","Biology",51,8.71428571428571
"Biology","Biology",53,8.71428571428571
"Chemistry","Chemistry",4,9
"Chemistry","Chemistry",10,9
"Chemistry","Chemistry",13,9
"Classical & Religious Studies (pooled)","Classical Studies",4,9
"Classical & Religious Studies (pooled)","Religious Studies",3,9
"Classical & Religious Studies (pooled)","Religious Studies",9,9
"Computer Science","Computer Science",1,9.5
"Computer Science","Computer Science",17,9.5
"Computer Science","Computer Science",20,9.5
"Computer Science","Computer Science",34,9.5
"Cultural Anthropology","Cultural Anthropology",13,8.5
"Cultural Anthropology","Cultural Anthropology",16,8.5
"Dance & Theater (pooled)","Dance",5,9.33333333333333
"Dance & Theater (pooled)","Theater Studies",13,9.33333333333333
"Dance & Theater (pooled)","Theater Studies",20,9.33333333333333
"Economics","Economics",15,8.57142857142857
"Economics","Economics",18,8.57142857142857
"Economics","Economics",23,8.57142857142857
"Economics","Economics",27,8.57142857142857
"Economics","Economics",30,8.57142857142857
"Economics","Economics",40,8.57142857142857
"Economics","Economics",56,8.57142857142857
"Education & Gender Studies (pooled)","Education",2,10
"Education & Gender Studies (pooled)","Gender, Sexuality & Feminist Studies",8,10
"English","English",12,8.25
"English","English",13,8.25
"English","English",16,8.25
"English","English",29,8.25
"Evolutionary Anthropology","Evolutionary Anthropology",4,8.5
"Evolutionary Anthropology","Evolutionary Anthropology",16,8.5
"History","History",7,9
"History","History",10,9
"History","History",12,9
"Linguistics","Linguistics",7,10
"Linguistics","Linguistics",14,10
"Literature","Literature",14,8.5
"Literature","Literature",16,8.5
"Mathematics","Mathematics",1,8.28571428571429
"Mathematics","Mathematics",3,8.28571428571429
"Mathematics","Mathematics",12,8.28571428571429
"Mathematics","Mathematics",18,8.28571428571429
"Mathematics","Mathematics",23,8.28571428571429
"Mathematics","Mathematics",46,8.28571428571429
"Mathematics","Mathematics",57,8.28571428571429
"Military & PE (pooled)","Air Force ROTC",1,7.66666666666667
"Military & PE (pooled)","Army ROTC",3,7.66666666666667
"Military & PE (pooled)","Navy ROTC",3,7.66666666666667
"Music","Music",2,9.28571428571429
"Music","Music",7,9.28571428571429
"Music","Music",8,9.28571428571429
"Music","Music",26,9.28571428571429
"Music","Music",32,9.28571428571429
"Music","Music",35,9.28571428571429
"Music","Music",38,9.28571428571429
"Philosophy","Philosophy",7,9
"Philosophy","Philosophy",17,9
"Physics","Physics",1,8
"Physics","Physics",12,8
"Physics","Physics",16,8
"Physics","Physics",29,8
"Physics","Physics",37,8
"Political Science","Political Science",4,8
"Political Science","Political Science",10,8
"Political Science","Political Science",22,8
"Political Science","Political Science",28,8
"Psychology & Neuroscience","Psychology & Neuroscience",2,8.2
"Psychology & Neuroscience","Psychology & Neuroscience",4,8.2
"Psychology & Neuroscience","Psychology & Neuroscience",23,8.2
"Psychology & Neuroscience","Psychology & Neuroscience",28,8.2
"Psychology & Neuroscience","Psychology & Neuroscience",32,8.2
"Small languages (pooled)","German Studies",6,8.33333333333333
"Small languages (pooled)","Romance Studies",3,8.33333333333333
"Small languages (pooled)","Slavic & Eurasian Studies",4,8.33333333333333
"Sociology","Sociology",15,8.33333333333333
"Sociology","Sociology",19,8.33333333333333
"Sociology","Sociology",22,8.33333333333333
"Statistical Science","Statistical Science",18,8.66666666666667
"Statistical Science","Statistical Science",19,8.66666666666667
"Statistical Science","Statistical Science",24,8.66666666666667
"Thompson Writing Program","Thompson Writing Program",5,7.75
"Thompson Writing Program","Thompson Writing Program",10,7.75
"Thompson Writing Program","Thompson Writing Program",13,7.75
"Thompson Writing Program","Thompson Writing Program",28,7.75
